{
    "project_name": "Temperature vs Air Quality",

    "author": "Sonia Cobo Pacios",

    "linkedin": "www.linkedin.com/in/sonia-cobo-412942b4",

    "e_mail": "soniacobo7@hotmail.com",

    "project_title": "EDA project: Temperature vs Air Quality",

    "project_description": "This project studies the relationship between air quality and temperature.
        The project's aim is to prove this relationship, particularly when comparing temperature to ozone concontration 
        as the hypothesis is that ozone is the main pollutant affecting air quality due to climate change.
    
        To prove this the project considers the behaviour of several harmful pollutant, such as ozone (O3),
        sulphur dioxide (SO2), nitrogen dioxide (NO2), carbon monoxide (CO) and Particles Matter 10 (PM10) 
        along the past six years in Spain in relation to temperature changes", 

    "flask_port": 6060,

    "streamlit_port": 8501,

    "links": "",

    "python_libraries_used": ["numpy", "pandas", "re", "functools", "sqlalchemy", "unicodedata", "pymysql", "streamlit",
        "os", "sys", "webbrowser", "PIL", "requests", "json", "seaborn", "squarify", "matplotlib.pyplyt",
        "flask", "argparse", "selenium", "selenium.webdriver.common.keys"]

}

